HIP Joint,Time [s] ,(Relative Angular Velocity Z) [rad/s],,KNEE JOINT,Time [s] ,(Relative Angular Velocity Z) [rad/s],,ANKLE JOINT ,Time [s] ,(Relative Angular Velocity Z) [rad/s]
,0,0.34907,,,0,-0.2618,,,0,0
,1.00E-02,0.34907,,,1.00E-02,-0.2618,,,1.00E-02,1.00E-02
,1.00E-02,0.34907,,,1.00E-02,-0.2618,,,1.00E-02,1.00E-02
,3.00E-02,0.34907,,,3.00E-02,-0.2618,,,3.00E-02,3.00E-02
,3.00E-02,0.34907,,,3.00E-02,-0.2618,,,3.00E-02,3.00E-02
,7.00E-02,0.34907,,,7.00E-02,-0.2618,,,7.00E-02,7.00E-02
,0.12,0.34907,,,0.12,-0.2618,,,0.12,0.12
,0.17,0.34907,,,0.17,-0.2618,,,0.17,0.17
,0.22,0.34907,,,0.22,-0.2618,,,0.22,0.22
,0.27,0.34907,,,0.27,-0.2618,,,0.27,0.27
,0.32,0.34907,,,0.32,-0.2618,,,0.32,0.32
,0.37,0.34907,,,0.37,-0.2618,,,0.37,0.37
,0.42,0.34907,,,0.42,-0.2618,,,0.42,0.42
,0.47,0.34907,,,0.47,-0.2618,,,0.47,0.47
,0.52,0.34907,,,0.52,-0.2618,,,0.52,0.52
,0.57,0.34907,,,0.57,-0.2618,,,0.57,0.57
,0.62,0.34907,,,0.62,-0.2618,,,0.62,0.62
,0.67,0.34907,,,0.67,-0.2618,,,0.67,0.67
,0.72,0.34907,,,0.72,-0.2618,,,0.72,0.72
,0.77,0.34907,,,0.77,-0.2618,,,0.77,0.77
,0.82,0.34907,,,0.82,-0.2618,,,0.82,0.82
,0.87,0.34907,,,0.87,-0.2618,,,0.87,0.87
,0.92,0.34907,,,0.92,-0.2618,,,0.92,0.92
,0.97,0.34907,,,0.97,-0.2618,,,0.97,0.97
,1,0.34907,,,1,-0.2618,,,1,1
,1,0,,,1,-1.11E-16,,,1,1
,1.05,1.20E-17,,,1.05,-1.46E-17,,,1.05,1.05
,1.1,2.39E-17,,,1.1,8.19E-17,,,1.1,1.1
,1.15,3.59E-17,,,1.15,1.78E-16,,,1.15,1.15
,1.2,4.78E-17,,,1.2,2.75E-16,,,1.2,1.2
,1.25,5.98E-17,,,1.25,3.71E-16,,,1.25,1.25
,1.3,7.18E-17,,,1.3,4.68E-16,,,1.3,1.3
,1.35,8.37E-17,,,1.35,5.64E-16,,,1.35,1.35
,1.4,9.96E-17,,,1.4,6.03E-16,,,1.4,1.4
,1.45,1.15E-16,,,1.45,6.41E-16,,,1.45,1.45
,1.5,1.31E-16,,,1.5,6.80E-16,,,1.5,1.5
,1.55,1.47E-16,,,1.55,7.18E-16,,,1.55,1.55
,1.6,1.63E-16,,,1.6,7.57E-16,,,1.6,1.6
,1.65,1.79E-16,,,1.65,7.95E-16,,,1.65,1.65
,1.7,1.92E-16,,,1.7,8.82E-16,,,1.7,1.7
,1.75,2.06E-16,,,1.75,9.69E-16,,,1.75,1.75
,1.8,2.19E-16,,,1.8,1.06E-15,,,1.8,1.8
,1.85,2.33E-16,,,1.85,1.14E-15,,,1.85,1.85
,1.9,2.52E-16,,,1.9,1.19E-15,,,1.9,1.9
,1.95,2.82E-16,,,1.95,9.17E-16,,,1.95,1.95
,2,3.49E-16,,,2,9.23E-16,,,2,2
,2,3.49E-16,,,2,9.23E-16,,,2,2
,2.05,3.62E-16,,,2.05,1.01E-15,,,2.05,2.05
,2.1,3.76E-16,,,2.1,1.10E-15,,,2.1,2.1
,2.15,3.92E-16,,,2.15,1.16E-15,,,2.15,2.15
,2.2,4.11E-16,,,2.2,1.21E-15,,,2.2,2.2
,2.25,4.31E-16,,,2.25,1.26E-15,,,2.25,2.25
,2.3,4.43E-16,,,2.3,1.27E-15,,,2.3,2.3
,2.35,4.43E-16,,,2.35,1.27E-15,,,2.35,2.35
,2.4,4.66E-16,,,2.4,1.29E-15,,,2.4,2.4
,2.45,5.30E-16,,,2.45,1.38E-15,,,2.45,2.45
,2.5,5.73E-16,,,2.5,1.47E-15,,,2.5,2.5
,2.55,6.19E-16,,,2.55,1.50E-15,,,2.55,2.55
,2.6,7.39E-16,,,2.6,1.40E-15,,,2.6,2.6
,2.65,8.10E-16,,,2.65,1.34E-15,,,2.65,2.65
,2.7,9.22E-16,,,2.7,1.32E-15,,,2.7,2.7
,2.75,1.04E-15,,,2.75,1.25E-15,,,2.75,2.75
,2.8,1.12E-15,,,2.8,1.17E-15,,,2.8,2.8
,2.85,1.14E-15,,,2.85,1.04E-15,,,2.85,2.85
,2.9,9.87E-16,,,2.9,1.37E-15,,,2.9,2.9
,2.95,9.17E-16,,,2.95,1.42E-15,,,2.95,2.95
,3,8.32E-16,,,3,1.43E-15,,,3,3
,3,8.32E-16,,,3,1.43E-15,,,3,3
,3.05,-0.34907,,,3.05,0.2618,,,3.05,3.05
,3.1,-0.34907,,,3.1,0.2618,,,3.1,3.1
,3.15,-0.34907,,,3.15,0.2618,,,3.15,3.15
,3.2,-0.34907,,,3.2,0.2618,,,3.2,3.2
,3.25,-0.34907,,,3.25,0.2618,,,3.25,3.25
,3.3,-0.34907,,,3.3,0.2618,,,3.3,3.3
,3.35,-0.34907,,,3.35,0.2618,,,3.35,3.35
,3.4,-0.34907,,,3.4,0.2618,,,3.4,3.4
,3.45,-0.34907,,,3.45,0.2618,,,3.45,3.45
,3.5,-0.34907,,,3.5,0.2618,,,3.5,3.5
,3.55,-0.34907,,,3.55,0.2618,,,3.55,3.55
,3.6,-0.34907,,,3.6,0.2618,,,3.6,3.6
,3.65,-0.34907,,,3.65,0.2618,,,3.65,3.65
,3.7,-0.34907,,,3.7,0.2618,,,3.7,3.7
,3.75,-0.34907,,,3.75,0.2618,,,3.75,3.75
,3.8,-0.34907,,,3.8,0.2618,,,3.8,3.8
,3.85,-0.34907,,,3.85,0.2618,,,3.85,3.85
,3.9,-0.34907,,,3.9,0.2618,,,3.9,3.9
,3.95,-0.34907,,,3.95,0.2618,,,3.95,3.95
,4,-0.34907,,,4,0.2618,,,4,4
,4,-0.34907,,,4,0.2618,,,4,4
,4.05,-3.32E-17,,,4.05,-5.18E-17,,,4.05,4.05
,4.1,-1.10E-17,,,4.1,-1.04E-16,,,4.1,4.1
,4.15,-1.24E-17,,,4.15,-1.37E-16,,,4.15,4.15
,4.2,-2.22E-17,,,4.2,-1.63E-16,,,4.2,4.2
,4.25,8.54E-18,,,4.25,-2.06E-16,,,4.25,4.25
,4.3,5.11E-17,,,4.3,-2.57E-16,,,4.3,4.3
,4.35,9.37E-17,,,4.35,-3.09E-16,,,4.35,4.35
,4.4,1.48E-16,,,4.4,-3.61E-16,,,4.4,4.4
,4.45,2.05E-16,,,4.45,-4.13E-16,,,4.45,4.45
,4.5,2.40E-16,,,4.5,-4.56E-16,,,4.5,4.5
,4.55,2.17E-16,,,4.55,-4.90E-16,,,4.55,4.55
,4.6,2.77E-16,,,4.6,-5.77E-16,,,4.6,4.6
,4.65,2.07E-16,,,4.65,-5.85E-16,,,4.65,4.65
,4.7,1.37E-16,,,4.7,-5.94E-16,,,4.7,4.7
,4.75,1.81E-16,,,4.75,-6.46E-16,,,4.75,4.75
,4.8,2.19E-16,,,4.8,-6.89E-16,,,4.8,4.8
,4.85,1.79E-16,,,4.85,-6.89E-16,,,4.85,4.85
,4.9,1.52E-16,,,4.9,-6.64E-16,,,4.9,4.9
,4.95,1.22E-16,,,4.95,-6.33E-16,,,4.95,4.95
,5,1.02E-16,,,5,-7.14E-16,,,5,5
,5,1.02E-16,,,5,-7.14E-16,,,5,5
,5,-3.30E-17,,,5,-6.99E-18,,,5,5
,5.05,-3.69E-17,,,5.05,-1.11E-16,,,5.05,5.05
,5.1,-4.08E-17,,,5.1,-2.14E-16,,,5.1,5.1
,5.15,2.14E-17,,,5.15,-2.74E-16,,,5.15,5.15
,5.2,9.67E-17,,,5.2,-3.26E-16,,,5.2,5.2
,5.25,1.72E-16,,,5.25,-3.78E-16,,,5.25,5.25
,5.3,2.47E-16,,,5.3,-4.30E-16,,,5.3,5.3
,5.35,2.49E-16,,,5.35,-5.07E-16,,,5.35,5.35
,5.4,2.35E-16,,,5.4,-5.89E-16,,,5.4,5.4
,5.45,2.60E-16,,,5.45,-6.02E-16,,,5.45,5.45
,5.5,2.95E-16,,,5.5,-6.31E-16,,,5.5,5.5
,5.55,3.60E-16,,,5.55,-6.83E-16,,,5.55,5.55
,5.6,4.06E-16,,,5.6,-7.26E-16,,,5.6,5.6
,5.65,4.19E-16,,,5.65,-7.94E-16,,,5.65,5.65
,5.7,4.46E-16,,,5.7,-8.76E-16,,,5.7,5.7
,5.75,5.04E-16,,,5.75,-9.25E-16,,,5.75,5.75
,5.8,6.04E-16,,,5.8,-9.25E-16,,,5.8,5.8
,5.85,6.40E-16,,,5.85,-9.07E-16,,,5.85,5.85
,5.9,6.67E-16,,,5.9,-8.90E-16,,,5.9,5.9
,5.95,7.61E-16,,,5.95,-8.70E-16,,,5.95,5.95
,6,8.57E-16,,,6,-8.56E-16,,,6,6
,6,8.57E-16,,,6,-8.56E-16,,,6,6
,6.05,2.14E-17,,,6.05,6.80E-17,,,6.05,6.05
,6.1,6.16E-17,,,6.1,1.50E-16,,,6.1,6.1
,6.15,1.02E-16,,,6.15,2.32E-16,,,6.15,6.15
,6.2,1.52E-16,,,6.2,3.06E-16,,,6.2,6.2
,6.25,2.55E-16,,,6.25,3.36E-16,,,6.25,6.25
,6.3,3.08E-16,,,6.3,3.49E-16,,,6.3,6.3
,6.35,3.24E-16,,,6.35,3.93E-16,,,6.35,6.35
,6.4,3.45E-16,,,6.4,3.79E-16,,,6.4,6.4
,6.45,3.49E-16,,,6.45,3.36E-16,,,6.45,6.45
,6.5,3.40E-16,,,6.5,2.72E-16,,,6.5,6.5
,6.55,3.05E-16,,,6.55,1.90E-16,,,6.55,6.55
,6.6,2.97E-16,,,6.6,1.34E-16,,,6.6,6.6
,6.65,3.58E-16,,,6.65,5.66E-17,,,6.65,6.65
,6.7,4.14E-16,,,6.7,-1.17E-17,,,6.7,6.7
,6.75,4.30E-16,,,6.75,-3.69E-17,,,6.75,6.75
,6.8,4.38E-16,,,6.8,-6.22E-17,,,6.8,6.8
,6.85,3.75E-16,,,6.85,-6.72E-17,,,6.85,6.85
,6.9,3.78E-16,,,6.9,-9.75E-17,,,6.9,6.9
,6.95,3.49E-16,,,6.95,-9.39E-17,,,6.95,6.95
,7,3.27E-16,,,7,-5.08E-17,,,7,7
,7,3.27E-16,,,7,-5.08E-17,,,7,7
,7.05,2.86E-16,,,7.05,-5.94E-17,,,7.05,7.05
,7.1,2.63E-16,,,7.1,-1.11E-16,,,7.1,7.1
,7.15,2.40E-16,,,7.15,-1.63E-16,,,7.15,7.15
,7.2,1.84E-16,,,7.2,-1.72E-16,,,7.2,7.2
,7.25,1.67E-16,,,7.25,-1.46E-16,,,7.25,7.25
,7.3,1.59E-16,,,7.3,-1.16E-16,,,7.3,7.3
,7.35,1.54E-16,,,7.35,-9.44E-17,,,7.35,7.35
,7.4,1.67E-16,,,7.4,-1.16E-16,,,7.4,7.4
,7.45,1.68E-16,,,7.45,-1.34E-16,,,7.45,7.45
,7.5,1.64E-16,,,7.5,-1.75E-16,,,7.5,7.5
,7.55,2.18E-16,,,7.55,-2.57E-16,,,7.55,7.55
,7.6,2.71E-16,,,7.6,-3.39E-16,,,7.6,7.6
,7.65,3.25E-16,,,7.65,-4.21E-16,,,7.65,7.65
,7.7,3.40E-16,,,7.7,-3.91E-16,,,7.7,7.7
,7.75,3.36E-16,,,7.75,-3.78E-16,,,7.75,7.75
,7.8,3.29E-16,,,7.8,-3.09E-16,,,7.8,7.8
,7.85,3.74E-16,,,7.85,-3.09E-16,,,7.85,7.85
,7.9,4.06E-16,,,7.9,-3.09E-16,,,7.9,7.9
,7.95,4.38E-16,,,7.95,-3.09E-16,,,7.95,7.95
,8,4.69E-16,,,8,-3.09E-16,,,8,8
,8,4.69E-16,,,8,-3.09E-16,,,8,8
,8,-2.55E-18,,,8,-6.18E-18,,,8,8
,8.05,1.78E-17,,,8.05,-6.18E-18,,,8.05,8.05
,8.1,3.81E-17,,,8.1,-6.18E-18,,,8.1,8.1
,8.15,5.84E-17,,,8.15,-6.18E-18,,,8.15,8.15
,8.2,7.87E-17,,,8.2,-6.18E-18,,,8.2,8.2
,8.25,9.90E-17,,,8.25,-6.18E-18,,,8.25,8.25
,8.3,1.19E-16,,,8.3,-6.18E-18,,,8.3,8.3
,8.35,1.40E-16,,,8.35,-6.18E-18,,,8.35,8.35
,8.4,1.60E-16,,,8.4,-6.18E-18,,,8.4,8.4
,8.45,1.80E-16,,,8.45,-6.18E-18,,,8.45,8.45
,8.5,1.97E-16,,,8.5,1.68E-17,,,8.5,8.5
,8.55,1.42E-16,,,8.55,6.85E-17,,,8.55,8.55
,8.6,8.70E-17,,,8.6,1.20E-16,,,8.6,8.6
,8.65,4.49E-17,,,8.65,1.72E-16,,,8.65,8.65
,8.7,5.83E-17,,,8.7,2.24E-16,,,8.7,8.7
,8.75,2.36E-17,,,8.75,2.76E-16,,,8.75,8.75
,8.8,-1.12E-17,,,8.8,3.27E-16,,,8.8,8.8
,8.85,-2.06E-17,,,8.85,2.93E-16,,,8.85,8.85
,8.9,-1.45E-17,,,8.9,2.50E-16,,,8.9,8.9
,8.95,-8.45E-18,,,8.95,2.07E-16,,,8.95,8.95
,9,-2.39E-18,,,9,1.63E-16,,,9,9
,9,-2.39E-18,,,9,-5.05E-18,,,9,9
,9.05,-3.68E-17,,,9.05,-5.05E-18,,,9.05,9.05
,9.1,-3.07E-17,,,9.1,-4.82E-17,,,9.1,9.1
,9.15,-2.46E-17,,,9.15,-9.13E-17,,,9.15,9.15
,9.2,-1.86E-17,,,9.2,-1.34E-16,,,9.2,9.2
,9.25,-1.25E-17,,,9.25,-1.78E-16,,,9.25,9.25
,9.3,-6.47E-18,,,9.3,-2.21E-16,,,9.3,9.3
,9.35,-5.49E-18,,,9.35,-2.47E-16,,,9.35,9.35
,9.4,-4.02E-17,,,9.4,-1.95E-16,,,9.4,9.4
,9.45,-7.50E-17,,,9.45,-1.43E-16,,,9.45,9.45
,9.5,-1.10E-16,,,9.5,-9.13E-17,,,9.5,9.5
,9.55,-1.29E-16,,,9.55,-5.68E-17,,,9.55,9.55
,9.6,-7.49E-17,,,9.6,-9.64E-17,,,9.6,9.6
,9.65,-4.08E-17,,,9.65,-7.49E-17,,,9.65,9.65
,9.7,-6.79E-18,,,9.7,-5.34E-17,,,9.7,9.7
,9.75,2.73E-17,,,9.75,-3.19E-17,,,9.75,9.75
,9.8,9.83E-17,,,9.8,-7.15E-17,,,9.8,9.8
,9.85,1.77E-16,,,9.85,-1.23E-16,,,9.85,9.85
,9.9,2.55E-16,,,9.9,-1.75E-16,,,9.9,9.9
,9.95,3.34E-16,,,9.95,-2.27E-16,,,9.95,9.95
,10,3.99E-16,,,10,-2.70E-16,,,10,10
,10,0.34907,,,10,-0.2618,,,10,10
,10.05,0.34907,,,10.05,-0.2618,,,10.05,10.05
,10.1,0.34907,,,10.1,-0.2618,,,10.1,10.1
,10.15,0.34907,,,10.15,-0.2618,,,10.15,10.15
,10.2,0.34907,,,10.2,-0.2618,,,10.2,10.2
,10.25,0.34907,,,10.25,-0.2618,,,10.25,10.25
,10.3,0.34907,,,10.3,-0.2618,,,10.3,10.3
,10.35,0.34907,,,10.35,-0.2618,,,10.35,10.35
,10.4,0.34907,,,10.4,-0.2618,,,10.4,10.4
,10.45,0.34907,,,10.45,-0.2618,,,10.45,10.45
,10.5,0.34907,,,10.5,-0.2618,,,10.5,10.5
,10.55,0.34907,,,10.55,-0.2618,,,10.55,10.55
,10.6,0.34907,,,10.6,-0.2618,,,10.6,10.6
,10.65,0.34907,,,10.65,-0.2618,,,10.65,10.65
,10.7,0.34907,,,10.7,-0.2618,,,10.7,10.7
,10.75,0.34907,,,10.75,-0.2618,,,10.75,10.75
,10.8,0.34907,,,10.8,-0.2618,,,10.8,10.8
,10.85,0.34907,,,10.85,-0.2618,,,10.85,10.85
,10.9,0.34907,,,10.9,-0.2618,,,10.9,10.9
,10.95,0.34907,,,10.95,-0.2618,,,10.95,10.95
,11,0.34907,,,11,-0.2618,,,11,11
,11,0,,,11,-1.11E-16,,,11,11
,11.05,1.18E-16,,,11.05,1.33E-16,,,11.05,11.05
,11.1,1.15E-16,,,11.1,4.26E-16,,,11.1,11.1
,11.15,1.93E-16,,,11.15,6.86E-16,,,11.15,11.15
,11.2,2.62E-16,,,11.2,9.47E-16,,,11.2,11.2
,11.25,3.24E-16,,,11.25,1.14E-15,,,11.25,11.25
,11.3,3.99E-16,,,11.3,1.39E-15,,,11.3,11.3
,11.35,4.53E-16,,,11.35,1.52E-15,,,11.35,11.35
,11.4,5.29E-16,,,11.4,1.77E-15,,,11.4,11.4
,11.45,5.77E-16,,,11.45,1.90E-15,,,11.45,11.45
,11.5,6.48E-16,,,11.5,2.16E-15,,,11.5,11.5
,11.55,6.96E-16,,,11.55,2.30E-15,,,11.55,11.55
,11.6,7.44E-16,,,11.6,2.44E-15,,,11.6,11.6
,11.65,7.75E-16,,,11.65,2.71E-15,,,11.65,11.65
,11.7,8.14E-16,,,11.7,2.91E-15,,,11.7,11.7
,11.75,8.47E-16,,,11.75,3.10E-15,,,11.75,11.75
,11.8,8.80E-16,,,11.8,3.29E-15,,,11.8,11.8
,11.85,8.66E-16,,,11.85,3.33E-15,,,11.85,11.85
,11.9,8.13E-16,,,11.9,3.16E-15,,,11.9,11.9
,11.95,8.37E-16,,,11.95,3.41E-15,,,11.95,11.95
,12,7.85E-16,,,12,3.24E-15,,,12,12
,12,7.85E-16,,,12,3.24E-15,,,12,12
,12.05,8.11E-16,,,12.05,3.27E-15,,,12.05,12.05
,12.1,8.06E-16,,,12.1,3.24E-15,,,12.1,12.1
,12.15,7.92E-16,,,12.15,3.28E-15,,,12.15,12.15
,12.2,7.87E-16,,,12.2,3.26E-15,,,12.2,12.2
,12.25,7.73E-16,,,12.25,3.30E-15,,,12.25,12.25
,12.3,7.59E-16,,,12.3,3.34E-15,,,12.3,12.3
,12.35,7.06E-16,,,12.35,3.17E-15,,,12.35,12.35
,12.4,6.92E-16,,,12.4,3.21E-15,,,12.4,12.4
,12.45,6.78E-16,,,12.45,3.25E-15,,,12.45,12.45
,12.5,6.73E-16,,,12.5,3.22E-15,,,12.5,12.5
,12.55,6.59E-16,,,12.55,3.26E-15,,,12.55,12.55
,12.6,6.45E-16,,,12.6,3.31E-15,,,12.6,12.6
,12.65,6.31E-16,,,12.65,3.35E-15,,,12.65,12.65
,12.7,5.78E-16,,,12.7,3.17E-15,,,12.7,12.7
,12.75,5.64E-16,,,12.75,3.22E-15,,,12.75,12.75
,12.8,5.59E-16,,,12.8,3.19E-15,,,12.8,12.8
,12.85,6.23E-16,,,12.85,3.43E-15,,,12.85,12.85
,12.9,5.71E-16,,,12.9,3.26E-15,,,12.9,12.9
,12.95,5.57E-16,,,12.95,3.30E-15,,,12.95,12.95
,13,5.83E-16,,,13,3.32E-15,,,13,13
,13,-0.34907,,,13,0.2618,,,13,13
,13.05,-0.34907,,,13.05,0.2618,,,13.05,13.05
,13.1,-0.34907,,,13.1,0.2618,,,13.1,13.1
,13.15,-0.34907,,,13.15,0.2618,,,13.15,13.15
,13.2,-0.34907,,,13.2,0.2618,,,13.2,13.2
,13.25,-0.34907,,,13.25,0.2618,,,13.25,13.25
,13.3,-0.34907,,,13.3,0.2618,,,13.3,13.3
,13.35,-0.34907,,,13.35,0.2618,,,13.35,13.35
,13.4,-0.34907,,,13.4,0.2618,,,13.4,13.4
,13.45,-0.34907,,,13.45,0.2618,,,13.45,13.45
,13.5,-0.34907,,,13.5,0.2618,,,13.5,13.5
,13.55,-0.34907,,,13.55,0.2618,,,13.55,13.55
,13.6,-0.34907,,,13.6,0.2618,,,13.6,13.6
,13.65,-0.34907,,,13.65,0.2618,,,13.65,13.65
,13.7,-0.34907,,,13.7,0.2618,,,13.7,13.7
,13.75,-0.34907,,,13.75,0.2618,,,13.75,13.75
,13.8,-0.34907,,,13.8,0.2618,,,13.8,13.8
,13.85,-0.34907,,,13.85,0.2618,,,13.85,13.85
,13.9,-0.34907,,,13.9,0.2618,,,13.9,13.9
,13.95,-0.34907,,,13.95,0.2618,,,13.95,13.95
,14,-0.34907,,,14,0.2618,,,14,14
,14,0,,,14,0,,,14,14
,14.05,2.84E-17,,,14.05,-2.15E-17,,,14.05,14.05
,14.1,5.69E-17,,,14.1,-4.30E-17,,,14.1,14.1
,14.15,8.53E-17,,,14.15,-6.44E-17,,,14.15,14.15
,14.2,9.00E-17,,,14.2,-6.80E-17,,,14.2,14.2
,14.25,4.60E-17,,,14.25,-2.49E-17,,,14.25,14.25
,14.3,-3.56E-17,,,14.3,2.69E-17,,,14.3,14.3
,14.35,-9.46E-17,,,14.35,7.86E-17,,,14.35,14.35
,14.4,-2.05E-17,,,14.4,7.29E-17,,,14.4,14.4
,14.45,-9.59E-18,,,14.45,7.29E-17,,,14.45,14.45
,14.5,1.34E-18,,,14.5,7.29E-17,,,14.5,14.5
,14.55,1.23E-17,,,14.55,7.29E-17,,,14.55,14.55
,14.6,2.32E-17,,,14.6,7.29E-17,,,14.6,14.6
,14.65,4.49E-17,,,14.65,6.07E-17,,,14.65,14.65
,14.7,1.16E-16,,,14.7,-8.92E-18,,,14.7,14.7
,14.75,1.65E-16,,,14.75,-6.07E-17,,,14.75,14.75
,14.8,2.14E-16,,,14.8,-1.12E-16,,,14.8,14.8
,14.85,2.68E-16,,,14.85,-7.79E-17,,,14.85,14.85
,14.9,3.01E-16,,,14.9,-2.62E-17,,,14.9,14.9
,14.95,2.18E-16,,,14.95,2.56E-17,,,14.95,14.95
,15,1.35E-16,,,15,7.73E-17,,,15,15
,15,-1.00E-20,,,15,9.96E-18,,,15,15
,15.05,-8.32E-17,,,15.05,6.17E-17,,,15.05,15.05
,15.1,-1.66E-16,,,15.1,1.13E-16,,,15.1,15.1
,15.15,-2.50E-16,,,15.15,1.65E-16,,,15.15,15.15
,15.2,-2.76E-16,,,15.2,1.49E-16,,,15.2,15.2
,15.25,-2.92E-16,,,15.25,1.18E-16,,,15.25,15.25
,15.3,-2.96E-16,,,15.3,1.02E-16,,,15.3,15.3
,15.35,-3.20E-16,,,15.35,1.28E-16,,,15.35,15.35
,15.4,-3.44E-16,,,15.4,1.46E-16,,,15.4,15.4
,15.45,-2.83E-16,,,15.45,1.46E-16,,,15.45,15.45
,15.5,-2.37E-16,,,15.5,1.51E-16,,,15.5,15.5
,15.55,-2.54E-16,,,15.55,1.81E-16,,,15.55,15.55
,15.6,-2.71E-16,,,15.6,2.12E-16,,,15.6,15.6
,15.65,-2.80E-16,,,15.65,2.32E-16,,,15.65,15.65
,15.7,-2.95E-16,,,15.7,2.62E-16,,,15.7,15.7
,15.75,-2.56E-16,,,15.75,2.24E-16,,,15.75,15.75
,15.8,-2.14E-16,,,15.8,1.72E-16,,,15.8,15.8
,15.85,-2.14E-16,,,15.85,1.21E-16,,,15.85,15.85
,15.9,-2.13E-16,,,15.9,6.89E-17,,,15.9,15.9
,15.95,-2.35E-16,,,15.95,6.02E-17,,,15.95,15.95
,16,-2.62E-16,,,16,6.02E-17,,,16,16
,16,7.45E-18,,,16,-7.13E-18,,,16,16
,16.05,-2.07E-17,,,16.05,-7.13E-18,,,16.05,16.05
,16.1,-4.88E-17,,,16.1,-7.13E-18,,,16.1,16.1
,16.15,-7.69E-17,,,16.15,-7.13E-18,,,16.15,16.15
,16.2,-1.05E-16,,,16.2,-7.13E-18,,,16.2,16.2
,16.25,-1.33E-16,,,16.25,-7.13E-18,,,16.25,16.25
,16.3,-1.61E-16,,,16.3,-7.13E-18,,,16.3,16.3
,16.35,-1.87E-16,,,16.35,-2.09E-18,,,16.35,16.35
,16.4,-2.10E-16,,,16.4,1.45E-17,,,16.4,16.4
,16.45,-1.39E-16,,,16.45,-3.72E-17,,,16.45,16.45
,16.5,-6.86E-17,,,16.5,-8.90E-17,,,16.5,16.5
,16.55,2.12E-18,,,16.55,-1.41E-16,,,16.55,16.55
,16.6,4.68E-17,,,16.6,-1.93E-16,,,16.6,16.6
,16.65,8.62E-17,,,16.65,-2.44E-16,,,16.65,16.65
,16.7,1.26E-16,,,16.7,-2.96E-16,,,16.7,16.7
,16.75,1.65E-16,,,16.75,-3.48E-16,,,16.75,16.75
,16.8,2.05E-16,,,16.8,-4.00E-16,,,16.8,16.8
,16.85,2.39E-16,,,16.85,-4.43E-16,,,16.85,16.85
,16.9,2.72E-16,,,16.9,-4.17E-16,,,16.9,16.9
,16.95,3.09E-16,,,16.95,-3.97E-16,,,16.95,16.95
,17,3.17E-16,,,17,-4.28E-16,,,17,17
,17,3.17E-16,,,17,-4.28E-16,,,17,17
,17.05,3.25E-16,,,17.05,-4.58E-16,,,17.05,17.05
,17.1,3.34E-16,,,17.1,-4.92E-16,,,17.1,17.1
,17.15,3.40E-16,,,17.15,-5.40E-16,,,17.15,17.15
,17.2,3.06E-16,,,17.2,-5.70E-16,,,17.2,17.2
,17.25,3.41E-16,,,17.25,-5.75E-16,,,17.25,17.25
,17.3,3.89E-16,,,17.3,-5.75E-16,,,17.3,17.3
,17.35,4.23E-16,,,17.35,-5.75E-16,,,17.35,17.35
,17.4,3.86E-16,,,17.4,-5.75E-16,,,17.4,17.4
,17.45,3.31E-16,,,17.45,-5.75E-16,,,17.45,17.45
,17.5,3.11E-16,,,17.5,-5.75E-16,,,17.5,17.5
,17.55,2.84E-16,,,17.55,-5.75E-16,,,17.55,17.55
,17.6,2.24E-16,,,17.6,-5.75E-16,,,17.6,17.6
,17.65,1.63E-16,,,17.65,-5.75E-16,,,17.65,17.65
,17.7,1.70E-16,,,17.7,-5.32E-16,,,17.7,17.7
,17.75,2.07E-16,,,17.75,-5.10E-16,,,17.75,17.75
,17.8,1.79E-16,,,17.8,-4.55E-16,,,17.8,17.8
,17.85,1.59E-16,,,17.85,-4.55E-16,,,17.85,17.85
,17.9,1.84E-16,,,17.9,-4.55E-16,,,17.9,17.9
,17.95,2.13E-16,,,17.95,-4.64E-16,,,17.95,17.95
,18,2.60E-16,,,18,-5.15E-16,,,18,18
,18,-9.71E-18,,,18,-1.01E-17,,,18,18
,18.05,3.75E-17,,,18.05,-6.18E-17,,,18.05,18.05
,18.1,8.48E-17,,,18.1,-1.14E-16,,,18.1,18.1
,18.15,1.32E-16,,,18.15,-1.65E-16,,,18.15,18.15
,18.2,1.87E-16,,,18.2,-2.17E-16,,,18.2,18.2
,18.25,2.44E-16,,,18.25,-2.69E-16,,,18.25,18.25
,18.3,3.00E-16,,,18.3,-3.21E-16,,,18.3,18.3
,18.35,3.31E-16,,,18.35,-3.38E-16,,,18.35,18.35
,18.4,3.31E-16,,,18.4,-3.90E-16,,,18.4,18.4
,18.45,3.63E-16,,,18.45,-3.87E-16,,,18.45,18.45
,18.5,3.52E-16,,,18.5,-3.38E-16,,,18.5,18.5
,18.55,3.29E-16,,,18.55,-2.95E-16,,,18.55,18.55
,18.6,3.25E-16,,,18.6,-3.04E-16,,,18.6,18.6
,18.65,3.68E-16,,,18.65,-3.52E-16,,,18.65,18.65
,18.7,3.96E-16,,,18.7,-3.82E-16,,,18.7,18.7
,18.75,3.98E-16,,,18.75,-3.44E-16,,,18.75,18.75
,18.8,3.95E-16,,,18.8,-2.93E-16,,,18.8,18.8
,18.85,4.08E-16,,,18.85,-2.55E-16,,,18.85,18.85
,18.9,4.40E-16,,,18.9,-2.85E-16,,,18.9,18.9
,18.95,4.08E-16,,,18.95,-2.35E-16,,,18.95,18.95
,19,3.92E-16,,,19,-2.35E-16,,,19,19
,19,-1.23E-17,,,19,6.74E-19,,,19,19
,19.05,-2.80E-17,,,19.05,6.74E-19,,,19.05,19.05
,19.1,-4.36E-17,,,19.1,6.74E-19,,,19.1,19.1
,19.15,-5.92E-17,,,19.15,6.74E-19,,,19.15,19.15
,19.2,-7.48E-17,,,19.2,6.74E-19,,,19.2,19.2
,19.25,-9.04E-17,,,19.25,6.74E-19,,,19.25,19.25
,19.3,-7.74E-17,,,19.3,6.74E-19,,,19.3,19.3
,19.35,-5.87E-17,,,19.35,6.74E-19,,,19.35,19.35
,19.4,-3.99E-17,,,19.4,6.74E-19,,,19.4,19.4
,19.45,-2.12E-17,,,19.45,6.74E-19,,,19.45,19.45
,19.5,-2.44E-18,,,19.5,6.74E-19,,,19.5,19.5
,19.55,1.63E-17,,,19.55,6.74E-19,,,19.55,19.55
,19.6,3.50E-17,,,19.6,6.74E-19,,,19.6,19.6
,19.65,5.38E-17,,,19.65,6.74E-19,,,19.65,19.65
,19.7,7.25E-17,,,19.7,6.74E-19,,,19.7,19.7
,19.75,8.55E-17,,,19.75,6.74E-19,,,19.75,19.75
,19.8,6.99E-17,,,19.8,6.74E-19,,,19.8,19.8
,19.85,5.43E-17,,,19.85,6.74E-19,,,19.85,19.85
,19.9,3.87E-17,,,19.9,6.74E-19,,,19.9,19.9
,19.95,2.31E-17,,,19.95,6.74E-19,,,19.95,19.95
,20,7.45E-18,,,20,6.74E-19,,,20,20
,20,0.34907,,,20,-0.2618,,,20,20
,20.05,0.34907,,,20.05,-0.2618,,,20.05,20.05
,20.1,0.34907,,,20.1,-0.2618,,,20.1,20.1
,20.15,0.34907,,,20.15,-0.2618,,,20.15,20.15
,20.2,0.34907,,,20.2,-0.2618,,,20.2,20.2
,20.25,0.34907,,,20.25,-0.2618,,,20.25,20.25
,20.3,0.34907,,,20.3,-0.2618,,,20.3,20.3
,20.35,0.34907,,,20.35,-0.2618,,,20.35,20.35
,20.4,0.34907,,,20.4,-0.2618,,,20.4,20.4
,20.45,0.34907,,,20.45,-0.2618,,,20.45,20.45
,20.5,0.34907,,,20.5,-0.2618,,,20.5,20.5
,20.55,0.34907,,,20.55,-0.2618,,,20.55,20.55
,20.6,0.34907,,,20.6,-0.2618,,,20.6,20.6
,20.65,0.34907,,,20.65,-0.2618,,,20.65,20.65
,20.7,0.34907,,,20.7,-0.2618,,,20.7,20.7
,20.75,0.34907,,,20.75,-0.2618,,,20.75,20.75
,20.8,0.34907,,,20.8,-0.2618,,,20.8,20.8
,20.85,0.34907,,,20.85,-0.2618,,,20.85,20.85
,20.9,0.34907,,,20.9,-0.2618,,,20.9,20.9
,20.95,0.34907,,,20.95,-0.2618,,,20.95,20.95
,21,0.34907,,,21,-0.2618,,,21,21
,21,0,,,21,-1.11E-16,,,21,21
,21.05,-1.24E-16,,,21.05,2.31E-16,,,21.05,21.05
,21.1,-6.00E-18,,,21.1,4.75E-16,,,21.1,21.1
,21.15,6.78E-17,,,21.15,7.02E-16,,,21.15,21.15
,21.2,1.37E-16,,,21.2,9.63E-16,,,21.2,21.2
,21.25,1.99E-16,,,21.25,1.16E-15,,,21.25,21.25
,21.3,2.74E-16,,,21.3,1.41E-15,,,21.3,21.3
,21.35,3.28E-16,,,21.35,1.54E-15,,,21.35,21.35
,21.4,4.04E-16,,,21.4,1.78E-15,,,21.4,21.4
,21.45,4.39E-16,,,21.45,1.81E-15,,,21.45,21.45
,21.5,5.15E-16,,,21.5,2.05E-15,,,21.5,21.5
,21.55,5.63E-16,,,21.55,2.19E-15,,,21.55,21.55
,21.6,6.33E-16,,,21.6,2.45E-15,,,21.6,21.6
,21.65,6.82E-16,,,21.65,2.59E-15,,,21.65,21.65
,21.7,7.30E-16,,,21.7,2.72E-15,,,21.7,21.7
,21.75,7.54E-16,,,21.75,2.98E-15,,,21.75,21.75
,21.8,7.87E-16,,,21.8,3.17E-15,,,21.8,21.8
,21.85,7.82E-16,,,21.85,3.14E-15,,,21.85,21.85
,21.9,8.06E-16,,,21.9,3.40E-15,,,21.9,21.9
,21.95,7.53E-16,,,21.95,3.22E-15,,,21.95,21.95
,22,7.39E-16,,,22,3.27E-15,,,22,22
,22,7.39E-16,,,22,3.27E-15,,,22,22
,22.05,7.66E-16,,,22.05,3.29E-15,,,22.05,22.05
,22.1,7.60E-16,,,22.1,3.26E-15,,,22.1,22.1
,22.15,7.46E-16,,,22.15,3.31E-15,,,22.15,22.15
,22.2,7.32E-16,,,22.2,3.35E-15,,,22.2,22.2
,22.25,6.80E-16,,,22.25,3.17E-15,,,22.25,22.25
,22.3,6.66E-16,,,22.3,3.22E-15,,,22.3,22.3
,22.35,6.61E-16,,,22.35,3.19E-15,,,22.35,22.35
,22.4,6.47E-16,,,22.4,3.23E-15,,,22.4,22.4
,22.45,6.32E-16,,,22.45,3.27E-15,,,22.45,22.45
,22.5,6.18E-16,,,22.5,3.31E-15,,,22.5,22.5
,22.55,6.13E-16,,,22.55,3.29E-15,,,22.55,22.55
,22.6,5.99E-16,,,22.6,3.33E-15,,,22.6,22.6
,22.65,5.85E-16,,,22.65,3.37E-15,,,22.65,22.65
,22.7,5.33E-16,,,22.7,3.20E-15,,,22.7,22.7
,22.75,5.97E-16,,,22.75,3.44E-15,,,22.75,22.75
,22.8,5.45E-16,,,22.8,3.27E-15,,,22.8,22.8
,22.85,5.40E-16,,,22.85,3.24E-15,,,22.85,22.85
,22.9,5.66E-16,,,22.9,3.26E-15,,,22.9,22.9
,22.95,5.52E-16,,,22.95,3.31E-15,,,22.95,22.95
,23,5.78E-16,,,23,3.33E-15,,,23,23
,23,-0.34907,,,23,0.2618,,,23,23
,23.05,-0.34907,,,23.05,0.2618,,,23.05,23.05
,23.1,-0.34907,,,23.1,0.2618,,,23.1,23.1
,23.15,-0.34907,,,23.15,0.2618,,,23.15,23.15
,23.2,-0.34907,,,23.2,0.2618,,,23.2,23.2
,23.25,-0.34907,,,23.25,0.2618,,,23.25,23.25
,23.3,-0.34907,,,23.3,0.2618,,,23.3,23.3
,23.35,-0.34907,,,23.35,0.2618,,,23.35,23.35
,23.4,-0.34907,,,23.4,0.2618,,,23.4,23.4
,23.45,-0.34907,,,23.45,0.2618,,,23.45,23.45
,23.5,-0.34907,,,23.5,0.2618,,,23.5,23.5
,23.55,-0.34907,,,23.55,0.2618,,,23.55,23.55
,23.6,-0.34907,,,23.6,0.2618,,,23.6,23.6
,23.65,-0.34907,,,23.65,0.2618,,,23.65,23.65
,23.7,-0.34907,,,23.7,0.2618,,,23.7,23.7
,23.75,-0.34907,,,23.75,0.2618,,,23.75,23.75
,23.8,-0.34907,,,23.8,0.2618,,,23.8,23.8
,23.85,-0.34907,,,23.85,0.2618,,,23.85,23.85
,23.9,-0.34907,,,23.9,0.2618,,,23.9,23.9
,23.95,-0.34907,,,23.95,0.2618,,,23.95,23.95
,24,-0.34907,,,24,0.2618,,,24,24
,24,0,,,24,0,,,24,24
,24.05,-2.62E-17,,,24.05,-5.18E-17,,,24.05,24.05
,24.1,-5.23E-17,,,24.1,-1.04E-16,,,24.1,24.1
,24.15,-7.85E-17,,,24.15,-1.55E-16,,,24.15,24.15
,24.2,-1.05E-16,,,24.2,-2.07E-16,,,24.2,24.2
,24.25,-9.20E-17,,,24.25,-2.24E-16,,,24.25,24.25
,24.3,-8.43E-17,,,24.3,-2.76E-16,,,24.3,24.3
,24.35,-8.55E-17,,,24.35,-3.28E-16,,,24.35,24.35
,24.4,-3.72E-17,,,24.4,-3.80E-16,,,24.4,24.4
,24.45,2.10E-17,,,24.45,-4.31E-16,,,24.45,24.45
,24.5,2.97E-17,,,24.5,-4.83E-16,,,24.5,24.5
,24.55,2.86E-17,,,24.55,-5.35E-16,,,24.55,24.55
,24.6,3.26E-17,,,24.6,-5.87E-16,,,24.6,24.6
,24.65,4.31E-17,,,24.65,-6.30E-16,,,24.65,24.65
,24.7,8.06E-17,,,24.7,-6.30E-16,,,24.7,24.7
,24.75,1.02E-16,,,24.75,-6.64E-16,,,24.75,24.75
,24.8,1.07E-16,,,24.8,-6.61E-16,,,24.8,24.8
,24.85,1.35E-16,,,24.85,-6.83E-16,,,24.85,24.85
,24.9,1.45E-16,,,24.9,-6.31E-16,,,24.9,24.9
,24.95,1.57E-16,,,24.95,-5.79E-16,,,24.95,24.95
,25,1.77E-16,,,25,-6.05E-16,,,25,25
,25,-2.55E-17,,,25,1.14E-18,,,25,25
,25.05,-4.42E-17,,,25.05,1.14E-18,,,25.05,25.05
,25.1,-6.30E-17,,,25.1,1.14E-18,,,25.1,25.1
,25.15,-8.17E-17,,,25.15,1.14E-18,,,25.15,25.15
,25.2,-1.00E-16,,,25.2,1.14E-18,,,25.2,25.2
,25.25,-1.19E-16,,,25.25,1.14E-18,,,25.25,25.25
,25.3,-1.38E-16,,,25.3,1.14E-18,,,25.3,25.3
,25.35,-1.45E-16,,,25.35,1.14E-18,,,25.35,25.35
,25.4,-1.55E-16,,,25.4,1.48E-17,,,25.4,25.4
,25.45,-1.93E-16,,,25.45,9.69E-17,,,25.45,25.45
,25.5,-2.30E-16,,,25.5,1.74E-16,,,25.5,25.5
,25.55,-2.58E-16,,,25.55,2.26E-16,,,25.55,25.55
,25.6,-2.87E-16,,,25.6,2.77E-16,,,25.6,25.6
,25.65,-3.17E-16,,,25.65,3.29E-16,,,25.65,25.65
,25.7,-3.47E-16,,,25.7,3.81E-16,,,25.7,25.7
,25.75,-3.98E-16,,,25.75,3.69E-16,,,25.75,25.75
,25.8,-4.41E-16,,,25.8,3.69E-16,,,25.8,25.8
,25.85,-4.82E-16,,,25.85,3.78E-16,,,25.85,25.85
,25.9,-5.09E-16,,,25.9,4.30E-16,,,25.9,25.9
,25.95,-5.45E-16,,,25.95,4.64E-16,,,25.95,25.95
,26,-5.75E-16,,,26,4.94E-16,,,26,26
,26,3.18E-17,,,26,-1.15E-17,,,26,26
,26.05,3.46E-17,,,26.05,1.87E-17,,,26.05,26.05
,26.1,-3.01E-18,,,26.1,4.90E-17,,,26.1,26.1
,26.15,-4.16E-17,,,26.15,7.43E-17,,,26.15,26.15
,26.2,-8.53E-17,,,26.2,7.43E-17,,,26.2,26.2
,26.25,-1.29E-16,,,26.25,7.43E-17,,,26.25,26.25
,26.3,-1.73E-16,,,26.3,7.43E-17,,,26.3,26.3
,26.35,-2.15E-16,,,26.35,7.43E-17,,,26.35,26.35
,26.4,-2.39E-16,,,26.4,1.17E-16,,,26.4,26.4
,26.45,-2.71E-16,,,26.45,1.61E-16,,,26.45,26.45
,26.5,-2.83E-16,,,26.5,2.04E-16,,,26.5,26.5
,26.55,-2.84E-16,,,26.55,2.55E-16,,,26.55,26.55
,26.6,-2.85E-16,,,26.6,2.44E-16,,,26.6,26.6
,26.65,-3.10E-16,,,26.65,2.44E-16,,,26.65,26.65
,26.7,-3.35E-16,,,26.7,2.44E-16,,,26.7,26.7
,26.75,-3.79E-16,,,26.75,2.44E-16,,,26.75,26.75
,26.8,-3.54E-16,,,26.8,2.44E-16,,,26.8,26.8
,26.85,-3.95E-16,,,26.85,2.30E-16,,,26.85,26.85
,26.9,-4.36E-16,,,26.9,1.48E-16,,,26.9,26.9
,26.95,-4.71E-16,,,26.95,7.98E-17,,,26.95,26.95
,27,-4.74E-16,,,27,7.98E-17,,,27,27
,27,-4.74E-16,,,27,7.98E-17,,,27,27
,27.05,-4.70E-16,,,27.05,8.33E-17,,,27.05,27.05
,27.1,-4.52E-16,,,27.1,1.01E-16,,,27.1,27.1
,27.15,-5.08E-16,,,27.15,9.26E-17,,,27.15,27.15
,27.2,-5.15E-16,,,27.2,4.95E-17,,,27.2,27.2
,27.25,-4.64E-16,,,27.25,4.95E-17,,,27.25,27.25
,27.3,-4.32E-16,,,27.3,4.95E-17,,,27.3,27.3
,27.35,-3.93E-16,,,27.35,4.95E-17,,,27.35,27.35
,27.4,-3.92E-16,,,27.4,-1.89E-17,,,27.4,27.4
,27.45,-3.15E-16,,,27.45,-5.04E-17,,,27.45,27.45
,27.5,-2.21E-16,,,27.5,-7.19E-17,,,27.5,27.5
,27.55,-2.21E-16,,,27.55,-3.45E-17,,,27.55,27.55
,27.6,-2.28E-16,,,27.6,-5.68E-17,,,27.6,27.6
,27.65,-2.49E-16,,,27.65,-1.09E-16,,,27.65,27.65
,27.7,-2.67E-16,,,27.7,-1.52E-16,,,27.7,27.7
,27.75,-2.88E-16,,,27.75,-1.09E-16,,,27.75,27.75
,27.8,-3.12E-16,,,27.8,-9.99E-17,,,27.8,27.8
,27.85,-2.90E-16,,,27.85,-1.09E-16,,,27.85,27.85
,27.9,-3.23E-16,,,27.9,-1.60E-16,,,27.9,27.9
,27.95,-3.69E-16,,,27.95,-1.69E-16,,,27.95,27.95
,28,-4.05E-16,,,28,-1.69E-16,,,28,28
,28,-7.96E-19,,,28,-4.64E-19,,,28,28
,28.05,3.36E-17,,,28.05,-4.64E-19,,,28.05,28.05
,28.1,6.04E-17,,,28.1,-4.64E-19,,,28.1,28.1
,28.15,4.94E-17,,,28.15,-4.64E-19,,,28.15,28.15
,28.2,6.84E-17,,,28.2,-4.64E-19,,,28.2,28.2
,28.25,-3.40E-18,,,28.25,-4.64E-19,,,28.25,28.25
,28.3,-5.10E-17,,,28.3,-4.64E-19,,,28.3,28.3
,28.35,-3.20E-17,,,28.35,-4.64E-19,,,28.35,28.35
,28.4,-4.30E-17,,,28.4,-4.64E-19,,,28.4,28.4
,28.45,-5.39E-17,,,28.45,-4.64E-19,,,28.45,28.45
,28.5,-2.71E-17,,,28.5,-4.64E-19,,,28.5,28.5
,28.55,7.27E-18,,,28.55,-4.64E-19,,,28.55,28.55
,28.6,4.16E-17,,,28.6,-4.64E-19,,,28.6,28.6
,28.65,5.34E-17,,,28.65,-4.64E-19,,,28.65,28.65
,28.7,4.24E-17,,,28.7,-4.64E-19,,,28.7,28.7
,28.75,3.75E-17,,,28.75,-4.64E-19,,,28.75,28.75
,28.8,6.25E-17,,,28.8,-4.64E-19,,,28.8,28.8
,28.85,-9.39E-18,,,28.85,-4.64E-19,,,28.85,28.85
,28.9,-5.70E-17,,,28.9,-4.64E-19,,,28.9,28.9
,28.95,-3.80E-17,,,28.95,-4.64E-19,,,28.95,28.95
,29,-4.90E-17,,,29,-4.64E-19,,,29,29
,29,1.84E-17,,,29,-4.64E-19,,,29,29
,29.05,7.49E-18,,,29.05,-4.64E-19,,,29.05,29.05
,29.1,-3.44E-18,,,29.1,-4.64E-19,,,29.1,29.1
,29.15,-1.44E-17,,,29.15,-4.64E-19,,,29.15,29.15
,29.2,-2.53E-17,,,29.2,-4.64E-19,,,29.2,29.2
,29.25,-3.62E-17,,,29.25,-4.64E-19,,,29.25,29.25
,29.3,-9.43E-18,,,29.3,-4.64E-19,,,29.3,29.3
,29.35,2.49E-17,,,29.35,-4.64E-19,,,29.35,29.35
,29.4,2.15E-17,,,29.4,-4.64E-19,,,29.4,29.4
,29.45,1.06E-17,,,29.45,-4.64E-19,,,29.45,29.45
,29.5,-3.18E-19,,,29.5,-4.64E-19,,,29.5,29.5
,29.55,-1.13E-17,,,29.55,-4.64E-19,,,29.55,29.55
,29.6,-2.22E-17,,,29.6,-4.64E-19,,,29.6,29.6
,29.65,-2.56E-17,,,29.65,-4.64E-19,,,29.65,29.65
,29.7,8.79E-18,,,29.7,-4.64E-19,,,29.7,29.7
,29.75,3.56E-17,,,29.75,-4.64E-19,,,29.75,29.75
,29.8,2.47E-17,,,29.8,-4.64E-19,,,29.8,29.8
,29.85,1.37E-17,,,29.85,-4.64E-19,,,29.85,29.85
,29.9,2.81E-18,,,29.9,-4.64E-19,,,29.9,29.9
,29.95,-8.13E-18,,,29.95,-4.64E-19,,,29.95,29.95
,30,-1.91E-17,,,30,-4.64E-19,,,30,30
,30,0.34907,,,30,-0.2618,,,30,30
,30.05,0.34907,,,30.05,-0.2618,,,30.05,30.05
,30.1,0.34907,,,30.1,-0.2618,,,30.1,30.1
,30.15,0.34907,,,30.15,-0.2618,,,30.15,30.15
,30.2,0.34907,,,30.2,-0.2618,,,30.2,30.2
,30.25,0.34907,,,30.25,-0.2618,,,30.25,30.25
,30.3,0.34907,,,30.3,-0.2618,,,30.3,30.3
,30.35,0.34907,,,30.35,-0.2618,,,30.35,30.35
,30.4,0.34907,,,30.4,-0.2618,,,30.4,30.4
,30.45,0.34907,,,30.45,-0.2618,,,30.45,30.45
,30.5,0.34907,,,30.5,-0.2618,,,30.5,30.5
,30.55,0.34907,,,30.55,-0.2618,,,30.55,30.55
,30.6,0.34907,,,30.6,-0.2618,,,30.6,30.6
,30.65,0.34907,,,30.65,-0.2618,,,30.65,30.65
,30.7,0.34907,,,30.7,-0.2618,,,30.7,30.7
,30.75,0.34907,,,30.75,-0.2618,,,30.75,30.75
,30.8,0.34907,,,30.8,-0.2618,,,30.8,30.8
,30.85,0.34907,,,30.85,-0.2618,,,30.85,30.85
,30.9,0.34907,,,30.9,-0.2618,,,30.9,30.9
,30.95,0.34907,,,30.95,-0.2618,,,30.95,30.95
,31,0.34907,,,31,-0.2618,,,31,31
,31,0,,,31,-1.11E-16,,,31,31
,31.05,-1.24E-16,,,31.05,2.31E-16,,,31.05,31.05
,31.1,-6.00E-18,,,31.1,4.75E-16,,,31.1,31.1
,31.15,6.78E-17,,,31.15,7.02E-16,,,31.15,31.15
,31.2,1.37E-16,,,31.2,9.63E-16,,,31.2,31.2
,31.25,1.99E-16,,,31.25,1.16E-15,,,31.25,31.25
,31.3,2.74E-16,,,31.3,1.41E-15,,,31.3,31.3
,31.35,3.28E-16,,,31.35,1.54E-15,,,31.35,31.35
,31.4,4.04E-16,,,31.4,1.78E-15,,,31.4,31.4
,31.45,4.39E-16,,,31.45,1.81E-15,,,31.45,31.45
,31.5,5.15E-16,,,31.5,2.05E-15,,,31.5,31.5
,31.55,5.63E-16,,,31.55,2.19E-15,,,31.55,31.55
,31.6,6.33E-16,,,31.6,2.45E-15,,,31.6,31.6
,31.65,6.82E-16,,,31.65,2.59E-15,,,31.65,31.65
,31.7,7.30E-16,,,31.7,2.72E-15,,,31.7,31.7
,31.75,7.54E-16,,,31.75,2.98E-15,,,31.75,31.75
,31.8,7.87E-16,,,31.8,3.17E-15,,,31.8,31.8
,31.85,7.82E-16,,,31.85,3.14E-15,,,31.85,31.85
,31.9,8.06E-16,,,31.9,3.40E-15,,,31.9,31.9
,31.95,7.53E-16,,,31.95,3.22E-15,,,31.95,31.95
,32,7.39E-16,,,32,3.27E-15,,,32,32
,32,7.39E-16,,,32,3.27E-15,,,32,32
,32.05,7.66E-16,,,32.05,3.29E-15,,,32.05,32.05
,32.1,7.60E-16,,,32.1,3.26E-15,,,32.1,32.1
,32.15,7.46E-16,,,32.15,3.31E-15,,,32.15,32.15
,32.2,7.32E-16,,,32.2,3.35E-15,,,32.2,32.2
,32.25,6.80E-16,,,32.25,3.17E-15,,,32.25,32.25
,32.3,6.66E-16,,,32.3,3.22E-15,,,32.3,32.3
,32.35,6.61E-16,,,32.35,3.19E-15,,,32.35,32.35
,32.4,6.47E-16,,,32.4,3.23E-15,,,32.4,32.4
,32.45,6.32E-16,,,32.45,3.27E-15,,,32.45,32.45
,32.5,6.18E-16,,,32.5,3.31E-15,,,32.5,32.5
,32.55,6.13E-16,,,32.55,3.29E-15,,,32.55,32.55
,32.6,5.99E-16,,,32.6,3.33E-15,,,32.6,32.6
,32.65,5.85E-16,,,32.65,3.37E-15,,,32.65,32.65
,32.7,5.33E-16,,,32.7,3.20E-15,,,32.7,32.7
,32.75,5.97E-16,,,32.75,3.44E-15,,,32.75,32.75
,32.8,5.45E-16,,,32.8,3.27E-15,,,32.8,32.8
,32.85,5.40E-16,,,32.85,3.24E-15,,,32.85,32.85
,32.9,5.66E-16,,,32.9,3.26E-15,,,32.9,32.9
,32.95,5.52E-16,,,32.95,3.31E-15,,,32.95,32.95
,33,5.78E-16,,,33,3.33E-15,,,33,33
,33,5.78E-16,,,33,3.33E-15,,,33,33
,33,-0.34907,,,33,0.2618,,,33,33
,33.05,-0.34907,,,33.05,0.2618,,,33.05,33.05
,33.1,-0.34907,,,33.1,0.2618,,,33.1,33.1
,33.15,-0.34907,,,33.15,0.2618,,,33.15,33.15
,33.2,-0.34907,,,33.2,0.2618,,,33.2,33.2
,33.25,-0.34907,,,33.25,0.2618,,,33.25,33.25
,33.3,-0.34907,,,33.3,0.2618,,,33.3,33.3
,33.35,-0.34907,,,33.35,0.2618,,,33.35,33.35
,33.4,-0.34907,,,33.4,0.2618,,,33.4,33.4
,33.45,-0.34907,,,33.45,0.2618,,,33.45,33.45
,33.5,-0.34907,,,33.5,0.2618,,,33.5,33.5
,33.55,-0.34907,,,33.55,0.2618,,,33.55,33.55
,33.6,-0.34907,,,33.6,0.2618,,,33.6,33.6
,33.65,-0.34907,,,33.65,0.2618,,,33.65,33.65
,33.7,-0.34907,,,33.7,0.2618,,,33.7,33.7
,33.75,-0.34907,,,33.75,0.2618,,,33.75,33.75
,33.8,-0.34907,,,33.8,0.2618,,,33.8,33.8
,33.85,-0.34907,,,33.85,0.2618,,,33.85,33.85
,33.9,-0.34907,,,33.9,0.2618,,,33.9,33.9
,33.95,-0.34907,,,33.95,0.2618,,,33.95,33.95
,34,-0.34907,,,34,0.2618,,,34,34
,34,-0.34907,,,34,0.2618,,,34,34
,34,-5.55E-17,,,34,0,,,34,34
,34.05,-3.10E-17,,,34.05,0,,,34.05,34.05
,34.1,-6.57E-18,,,34.1,0,,,34.1,34.1
,34.15,1.79E-17,,,34.15,0,,,34.15,34.15
,34.2,4.24E-17,,,34.2,0,,,34.2,34.2
,34.25,7.44E-17,,,34.25,0,,,34.25,34.25
,34.3,1.30E-16,,,34.3,-8.63E-18,,,34.3,34.3
,34.35,1.70E-16,,,34.35,-1.22E-17,,,34.35,34.35
,34.4,1.50E-16,,,34.4,-1.94E-17,,,34.4,34.4
,34.45,1.41E-16,,,34.45,-7.76E-17,,,34.45,34.45
,34.5,1.30E-16,,,34.5,-6.97E-17,,,34.5,34.5
,34.55,1.57E-16,,,34.55,-7.39E-17,,,34.55,34.55
,34.6,1.56E-16,,,34.6,-7.89E-17,,,34.6,34.6
,34.65,1.55E-16,,,34.65,-7.39E-17,,,34.65,34.65
,34.7,1.54E-16,,,34.7,-6.88E-17,,,34.7,34.7
,34.75,1.92E-16,,,34.75,-6.38E-17,,,34.75,34.75
,34.8,2.29E-16,,,34.8,-6.38E-17,,,34.8,34.8
,34.85,2.62E-16,,,34.85,-7.24E-17,,,34.85,34.85
,34.9,2.95E-16,,,34.9,-8.10E-17,,,34.9,34.9
,34.95,2.81E-16,,,34.95,-7.81E-17,,,34.95,34.95
,35,2.94E-16,,,35,-9.54E-17,,,35,35
,35,2.94E-16,,,35,-9.54E-17,,,35,35
,35,2.42E-17,,,35,5.72E-18,,,35,35
,35.05,4.82E-17,,,35.05,-7.19E-17,,,35.05,35.05
,35.1,7.22E-17,,,35.1,-1.50E-16,,,35.1,35.1
,35.15,8.82E-17,,,35.15,-1.93E-16,,,35.15,35.15
,35.2,7.63E-17,,,35.2,-1.06E-16,,,35.2,35.2
,35.25,6.45E-17,,,35.25,-2.02E-17,,,35.25,35.25
,35.3,5.26E-17,,,35.3,6.61E-17,,,35.3,35.3
,35.35,6.50E-17,,,35.35,4.88E-17,,,35.35,35.35
,35.4,8.90E-17,,,35.4,-2.88E-17,,,35.4,35.4
,35.45,5.95E-17,,,35.45,-5.47E-17,,,35.45,35.45
,35.5,-9.45E-18,,,35.5,-5.47E-17,,,35.5,35.5
,35.55,-7.84E-17,,,35.55,-5.47E-17,,,35.55,35.55
,35.6,-9.86E-17,,,35.6,3.16E-17,,,35.6,35.6
,35.65,-1.10E-16,,,35.65,1.18E-16,,,35.65,35.65
,35.7,-1.22E-16,,,35.7,2.04E-16,,,35.7,35.7
,35.75,-1.26E-16,,,35.75,2.56E-16,,,35.75,35.75
,35.8,-1.02E-16,,,35.8,1.78E-16,,,35.8,35.8
,35.85,-7.81E-17,,,35.85,1.01E-16,,,35.85,35.85
,35.9,-5.40E-17,,,35.9,2.30E-17,,,35.9,35.9
,35.95,-3.00E-17,,,35.95,-5.47E-17,,,35.95,35.95
,36,-5.99E-18,,,36,-1.32E-16,,,36,36
,36,-5.99E-18,,,36,-1.32E-16,,,36,36
,36,-5.99E-18,,,36,2.46E-18,,,36,36
,36.05,9.96E-18,,,36.05,-4.07E-17,,,36.05,36.05
,36.1,1.68E-18,,,36.1,1.97E-17,,,36.1,36.1
,36.15,5.98E-18,,,36.15,3.70E-17,,,36.15,36.15
,36.2,3.00E-17,,,36.2,-4.07E-17,,,36.2,36.2
,36.25,4.59E-17,,,36.25,-8.38E-17,,,36.25,36.25
,36.3,3.77E-17,,,36.3,-2.34E-17,,,36.3,36.3
,36.35,4.20E-17,,,36.35,-6.16E-18,,,36.35,36.35
,36.4,6.60E-17,,,36.4,-8.38E-17,,,36.4,36.4
,36.45,8.19E-17,,,36.45,-1.27E-16,,,36.45,36.45
,36.5,7.01E-17,,,36.5,-4.07E-17,,,36.5,36.5
,36.55,6.63E-17,,,36.55,1.11E-17,,,36.55,36.55
,36.6,9.03E-17,,,36.6,-6.65E-17,,,36.6,36.6
,36.65,1.14E-16,,,36.65,-1.44E-16,,,36.65,36.65
,36.7,1.38E-16,,,36.7,-2.22E-16,,,36.7,36.7
,36.75,1.22E-16,,,36.75,-1.27E-16,,,36.75,36.75
,36.8,1.15E-16,,,36.8,-7.16E-17,,,36.8,36.8
,36.85,1.37E-16,,,36.85,-1.45E-16,,,36.85,36.85
,36.9,1.59E-16,,,36.9,-2.18E-16,,,36.9,36.9
,36.95,1.77E-16,,,36.95,-2.78E-16,,,36.95,36.95
,37,1.79E-16,,,37,-2.87E-16,,,37,37
,37,1.79E-16,,,37,-2.87E-16,,,37,37
,37,1.79E-16,,,37,-2.87E-16,,,37,37
,37.05,1.89E-16,,,37.05,-3.64E-16,,,37.05,37.05
,37.1,2.36E-16,,,37.1,-3.54E-16,,,37.1,37.1
,37.15,2.84E-16,,,37.15,-3.35E-16,,,37.15,37.15
,37.2,2.78E-16,,,37.2,-3.06E-16,,,37.2,37.2
,37.25,2.64E-16,,,37.25,-3.15E-16,,,37.25,37.25
,37.3,2.19E-16,,,37.3,-3.11E-16,,,37.3,37.3
,37.35,1.86E-16,,,37.35,-2.93E-16,,,37.35,37.35
,37.4,2.39E-16,,,37.4,-3.02E-16,,,37.4,37.4
,37.45,2.68E-16,,,37.45,-3.11E-16,,,37.45,37.45
,37.5,2.93E-16,,,37.5,-3.02E-16,,,37.5,37.5
,37.55,3.18E-16,,,37.55,-2.93E-16,,,37.55,37.55
,37.6,3.04E-16,,,37.6,-3.10E-16,,,37.6,37.6
,37.65,2.83E-16,,,37.65,-3.27E-16,,,37.65,37.65
,37.7,2.78E-16,,,37.7,-3.38E-16,,,37.7,37.7
,37.75,2.73E-16,,,37.75,-3.30E-16,,,37.75,37.75
,37.8,2.64E-16,,,37.8,-3.21E-16,,,37.8,37.8
,37.85,2.30E-16,,,37.85,-3.55E-16,,,37.85,37.85
,37.9,1.98E-16,,,37.9,-3.99E-16,,,37.9,37.9
,37.95,1.62E-16,,,37.95,-4.42E-16,,,37.95,37.95
,38,1.43E-16,,,38,-4.85E-16,,,38,38
,38,1.43E-16,,,38,-4.85E-16,,,38,38
,38,8.05E-18,,,38,-1.32E-17,,,38,38
,38.05,-9.32E-18,,,38.05,-5.63E-17,,,38.05,38.05
,38.1,-2.67E-17,,,38.1,-9.95E-17,,,38.1,38.1
,38.15,-4.41E-17,,,38.15,-1.43E-16,,,38.15,38.15
,38.2,-6.14E-17,,,38.2,-1.86E-16,,,38.2,38.2
,38.25,-8.11E-17,,,38.25,-2.37E-16,,,38.25,38.25
,38.3,-1.24E-16,,,38.3,-3.15E-16,,,38.3,38.3
,38.35,-1.31E-16,,,38.35,-3.63E-16,,,38.35,38.35
,38.4,-1.24E-16,,,38.4,-4.32E-16,,,38.4,38.4
,38.45,-1.31E-16,,,38.45,-4.78E-16,,,38.45,38.45
,38.5,-9.40E-17,,,38.5,-5.21E-16,,,38.5,38.5
,38.55,-5.18E-17,,,38.55,-5.64E-16,,,38.55,38.55
,38.6,-5.93E-17,,,38.6,-5.64E-16,,,38.6,38.6
,38.65,-7.16E-17,,,38.65,-5.16E-16,,,38.65,38.65
,38.7,-7.56E-17,,,38.7,-4.73E-16,,,38.7,38.7
,38.75,-7.70E-17,,,38.75,-4.30E-16,,,38.75,38.75
,38.8,-7.75E-17,,,38.8,-3.90E-16,,,38.8,38.8
,38.85,-9.51E-17,,,38.85,-3.42E-16,,,38.85,38.85
,38.9,-9.26E-17,,,38.9,-3.16E-16,,,38.9,38.9
,38.95,-1.10E-16,,,38.95,-3.41E-16,,,38.95,38.95
,39,-1.16E-16,,,39,-3.53E-16,,,39,39
,39,-1.16E-16,,,39,-3.53E-16,,,39,39
,39,1.90E-17,,,39,-1.58E-17,,,39,39
,39.05,1.98E-17,,,39.05,1.36E-17,,,39.05,39.05
,39.1,2.04E-17,,,39.1,2.94E-17,,,39.1,39.1
,39.15,1.39E-17,,,39.15,4.19E-18,,,39.15,39.15
,39.2,7.50E-18,,,39.2,-2.10E-17,,,39.2,39.2
,39.25,2.60E-18,,,39.25,-4.12E-17,,,39.25,39.25
,39.3,1.33E-17,,,39.3,-3.62E-17,,,39.3,39.3
,39.35,2.81E-17,,,39.35,-2.61E-17,,,39.35,39.35
,39.4,3.09E-17,,,39.4,-2.10E-17,,,39.4,39.4
,39.45,3.50E-17,,,39.45,4.19E-18,,,39.45,39.45
,39.5,3.91E-17,,,39.5,2.94E-17,,,39.5,39.5
,39.55,4.32E-17,,,39.55,5.47E-17,,,39.55,39.55
,39.6,4.73E-17,,,39.6,7.99E-17,,,39.6,39.6
,39.65,6.45E-17,,,39.65,9.14E-17,,,39.65,39.65
,39.7,1.23E-16,,,39.7,5.34E-17,,,39.7,39.7
,39.75,1.81E-16,,,39.75,1.53E-17,,,39.75,39.75
,39.8,1.62E-16,,,39.8,-2.28E-17,,,39.8,39.8
,39.85,1.37E-16,,,39.85,-7.46E-17,,,39.85,39.85
,39.9,1.10E-16,,,39.9,-1.09E-16,,,39.9,39.9
,39.95,8.75E-17,,,39.95,-7.46E-17,,,39.95,39.95
,40,6.51E-17,,,40,-4.01E-17,,,40,40
,,,,,,,,,,
